model,num_iters,average_model_time_per_episode_ms,average_steps_per_episode,average_model_time_per_step_ms,average_reward_per_episode,min_reward,max_reward
1,1000,2849.37481880188,996.2,2.860243745033005,-21.0,-21.0,-21.0
3,1000,7823.4909772872925,2405.8,3.2519290785964303,-14.0,-17.0,-11.0
4,1000,3150.883436203003,1001.8,3.145222036537236,-21.0,-21.0,-21.0
