model,num_iters,average_model_time_per_episode_ms,average_steps_per_episode,average_model_time_per_step_ms,average_reward_per_episode,min_reward,max_reward
1,1000,3041.282606124878,1002.0,3.0352121817613553,-21.0,-21.0,-21.0
3,1000,9054.117798805237,2498.4,3.62396645805525,-13.7,-19.0,-10.0
4,1000,3612.0272636413574,1013.1,3.5653215513190775,-21.0,-21.0,-21.0
