model,num_iters,average_model_time_per_episode_ms,average_steps_per_episode,average_model_time_per_step_ms,average_reward_per_episode,min_reward,max_reward
1,1000,2962.64808177948,1000.6,2.9608715588441736,-21.0,-21.0,-21.0
3,1000,8997.289443016052,2459.0,3.6589220996405256,-14.5,-17.0,-13.0
4,1000,3468.417716026306,1000.4,3.46703090366484,-21.0,-21.0,-21.0
