model,num_iters,average_model_time_per_episode,average_steps_per_episode,average_model_time_per_step,average_reward_per_episode,min_reward,max_reward
1,1000,6.084062910079956,1006.6,0.006044171378978697,-21.0,-21.0,-21.0
3,1000,14.935797190666198,2247.0,0.006646994744399733,-16.4,-18.0,-15.0
4,1000,6.542771196365356,1003.7,0.006518652183287194,-21.0,-21.0,-21.0
