model,average_model_time_per_episode,average_steps_per_episode,average_model_time_per_step,average_reward_per_episode,min_reward,max_reward
model1,3.19865550023623,0.9982075283808006,3.2043992950291518,1.0,1.0,1.0
model3,2.7223179594974285,1.03081986834231,2.6409249987345156,0.9294871794871795,0.8947368421052632,0.6666666666666666
model4,2.5531617148402526,0.9864530801938101,2.588224180250549,1.0,1.0,1.0
