model,num_iters,average_model_time_per_episode_ms,average_steps_per_episode,average_model_time_per_step_ms,average_reward_per_episode,min_reward,max_reward
1,1000,2862.289619445801,996.2,2.8732078091204585,-21.0,-21.0,-21.0
3,1000,7728.511810302734,2370.2,3.260700282804293,-14.6,-17.0,-11.0
4,1000,3116.6077375411987,1005.2,3.1004852144261825,-21.0,-21.0,-21.0
