model,num_iters,average_model_time_per_episode_ms,average_steps_per_episode,average_model_time_per_step_ms,average_reward_per_episode,min_reward,max_reward
1,1000,3036.26549243927,1002.0,3.0302050822747204,-21.0,-21.0,-21.0
3,1000,9008.682036399841,2389.1,3.7707429728348925,-14.5,-17.0,-11.0
4,1000,3679.893636703491,1007.1,3.6539505875320137,-21.0,-21.0,-21.0
