model,num_iters,average_model_time_per_episode_ms,average_steps_per_episode,average_model_time_per_step_ms,average_reward_per_episode,min_reward,max_reward
1,1000,3104.301977157593,995.9,3.1170820134125843,-21.0,-21.0,-21.0
3,1000,9057.429838180542,2445.9,3.7031071745290247,-14.8,-17.0,-12.0
4,1000,3642.825198173523,1006.9,3.617861950713599,-21.0,-21.0,-21.0
