model,num_iters,average_model_time_per_episode_ms,average_steps_per_episode,average_model_time_per_step_ms,average_reward_per_episode,min_reward,max_reward
1,1000,1856.5442562103271,1004.2,1.8487793828025565,-21.0,-21.0,-21.0
3,1000,5868.685150146484,2339.4,2.5086283449373705,-15.6,-19.0,-12.0
4,1000,2527.1915197372437,1011.3,2.4989533469170806,-21.0,-21.0,-21.0
