model,average_model_time_per_episode,average_steps_per_episode,average_model_time_per_step,average_reward_per_episode,min_reward,max_reward
model1,0.9723200914990535,0.9865520027704029,0.9855740891190897,1.0555555555555556,1.0,0.5
model2,0.9820598199887033,0.9878217821782179,0.9941670022938663,1.0,1.0,1.0
model3,0.9357323633996835,0.970576524924351,0.9640995216452576,1.0714285714285714,1.0588235294117647,1.25
model4,0.9923063433273762,1.0180670753696357,0.9746964294735625,1.0247933884297522,1.1428571428571428,0.8
model5,1.0093614118548897,1.0011009908918027,1.008251336316957,1.0,1.0,1.0
model6,0.9624225837448966,0.994703178093144,0.9675475105949398,1.0,1.0,1.0
