model,average_model_time_per_episode,average_steps_per_episode,average_model_time_per_step,average_reward_per_episode,min_reward,max_reward
model1,1.0642589535814604,1.0674963802717106,0.9969672715054769,0.8,0.8,1.0
model2,0.9904323076480687,1.0107074952466728,0.9799396089432822,1.0,1.0,1.0
model3,1.0204043107231535,1.011477588498248,1.0088254275986075,0.979020979020979,0.8947368421052632,1.0
model4,0.9849542122016804,0.9882042692705179,0.9967111485247513,0.952755905511811,0.875,1.25
model5,0.9744450450982586,1.0002002202422666,0.9742499805311284,1.0,1.0,1.0
model6,1.025193649568944,0.9967128200019922,1.0285747599462949,1.0,1.0,1.0
