model,num_iters,average_model_time_per_episode,average_steps_per_episode,average_model_time_per_step,average_reward_per_episode,min_reward,max_reward
model1,11000,10.975352025032043,3939.4,0.0027860466124364227,-2.2,-8.0,3.0
model3,11000,12.385496544837952,3587.5,0.0034524032180732966,-2.5,-7.0,5.0
model4,11000,10.221126270294189,3246.4,0.00314844944254996,-4.9,-8.0,-1.0
