model,num_iters,average_model_time_per_episode,average_steps_per_episode,average_model_time_per_step,average_reward_per_episode,min_reward,max_reward
model1,2000,9.325439524650573,3418.6,0.002727853368235703,-7.6,-12.0,-1.0
model2,2000,2.8177788257598877,997.7,0.0028242746574720736,-21.0,-21.0,-21.0
model3,2000,8.115035820007325,2437.7,0.00332897231817177,-15.0,-18.0,-10.0
model4,2000,8.619121217727661,2823.1,0.003053069752303376,-12.4,-16.0,-8.0
model5,2000,3.752525281906128,1000.2,0.003751774926920744,-21.0,-21.0,-21.0
model6,2000,3.999143362045288,995.3,0.004018028094087499,-21.0,-21.0,-21.0
