model,num_iters,average_model_time_per_episode,average_steps_per_episode,average_model_time_per_step,average_reward_per_episode,min_reward,max_reward
model1,2000,9.590915179252624,3465.2,0.00276778113218649,-7.2,-12.0,-2.0
model2,2000,2.8692537546157837,1010.0,0.0028408453015997858,-21.0,-21.0,-21.0
model3,2000,8.672389817237853,2511.6,0.003452934311688905,-14.0,-17.0,-8.0
model4,2000,8.685947918891907,2773.0,0.003132328856434153,-12.1,-14.0,-10.0
model5,2000,3.7177221536636353,999.1,0.003721071117669538,-21.0,-21.0,-21.0
model6,2000,4.155288362503052,1000.6,0.004152796684492356,-21.0,-21.0,-21.0
