model,num_iters,average_model_time_per_episode,average_steps_per_episode,average_model_time_per_step,average_reward_per_episode,min_reward,max_reward
1,1000,18.53428268432617,10210.0,0.0018153068251054033,-21.0,-21.0,-21.0
3,1000,64.47269892692566,24388.75,0.0026435425729865476,-14.125,-14.125,-14.125
4,1000,21.18916130065918,10170.0,0.0020834966863971663,-21.0,-21.0,-21.0
