model,average_model_time_per_episode,average_steps_per_episode,average_model_time_per_step,average_reward_per_episode,min_reward,max_reward
model1,3.220454826785227,0.9988943488943489,3.2240194674740805,1.0,1.0,1.0
model3,1.5106164983194692,0.9630758107828961,1.5685333193982627,1.0973451327433628,1.0973451327433628,1.0973451327433628
model4,2.7138716679138755,1.000122399020808,2.7135395333320727,1.0,1.0,1.0
