model,num_iters,average_model_time_per_episode,average_steps_per_episode,average_model_time_per_step,average_reward_per_episode,min_reward,max_reward
1,1000,7.804404258728027,10175.0,0.0007670176175654081,-21.0,-21.0,-21.0
3,1000,37.454079151153564,24205.0,0.0015473695166764538,-14.125,-14.125,-14.125
4,1000,11.158105373382568,10212.5,0.0010925929374181217,-21.0,-21.0,-21.0
