episode,step_time_ms,steps,reward
0,1.6987799350172281,1001,-21.0
1,1.7374995069707817,1022,-21.0
2,1.6008807132372385,1007,-21.0
3,1.6035721490643626,1017,-21.0
4,1.6939941038503135,995,-21.0
