episode,step_time_ms,steps,reward
0,0.6184097553255732,1003,-21.0
1,0.6225601161470213,1005,-21.0
2,0.6107766689224677,980,-21.0
3,0.5778466801848111,985,-21.0
4,0.5758984705373164,993,-21.0
