episode,step_time_ms,steps,reward
0,0.4612252006417031,1002,-21.0
1,0.4106764382250703,1012,-21.0
2,0.4104791078356494,984,-21.0
3,0.4105600198162786,988,-21.0
4,0.4213496220238026,993,-21.0
