episode,step_time_ms,steps,reward
0,1.3092398829019756,1010,-21.0
1,1.287979826509774,1002,-21.0
2,1.2885204148940355,1020,-21.0
3,1.28831667548675,1010,-21.0
4,1.2910342964691124,1009,-21.0
