model,average_model_time_per_episode,average_steps_per_episode,average_model_time_per_step,average_reward_per_episode,min_reward,max_reward
model1,0.9368990612919322,0.9942115768463075,0.9423538038692193,1.0,1.0,1.0
model3,0.8640809796311314,0.9629362792187,0.8973397287847779,1.0218978102189782,0.8947368421052632,1.1
model4,0.8723310225035604,0.9888461158819465,0.8821706517252517,1.0,1.0,1.0
