episode,total_model_time,num_steps,average_model_time_per_step,reward
10,20.420353412628174,10212.222222222223,0.0019995993984730015,-21.0
