model,average_model_time_per_episode,average_steps_per_episode,average_model_time_per_step,average_reward_per_episode,min_reward,max_reward
model1,1.0284678972932375,1.0136313110630082,1.0146370638597086,0.9473684210526316,1.0,2.0
model2,1.0182679095979132,1.012328355216999,1.005867221193899,1.0,1.0,1.0
model3,1.0686816435062914,1.0303154612954835,1.0372373158047807,0.9333333333333333,0.9444444444444444,0.8
model4,1.007753307962162,0.9822535510608905,1.0259604629311139,0.9758064516129031,0.875,1.25
model5,0.9907254113888836,0.9989002199560088,0.9918161910431003,1.0,1.0,1.0
model6,1.0390446118885588,1.0053250276298604,1.0335409776261069,1.0,1.0,1.0
