model,average_model_time_per_episode,average_steps_per_episode,average_model_time_per_step,average_reward_per_episode,min_reward,max_reward
model1,1.0348003631250124,1.0531406919072117,0.9825851104955547,0.8444444444444444,0.8,0.5
model2,0.9726637737598584,0.9983988792154509,0.9742236234521666,1.0,1.0,1.0
model3,0.9548253372962013,0.9817164028834924,0.97260811217139,1.048951048951049,0.9473684210526315,1.25
model4,0.9773763126547461,1.0060582302840242,0.9714907976835687,0.9763779527559056,1.0,1.0
model5,0.9835672264953799,1.0013014315747322,0.9822888447772795,1.0,1.0,1.0
model6,0.9866695210570032,0.9914334097021615,0.9951949484468253,1.0,1.0,1.0
