model,num_iters,average_model_time_per_episode,average_steps_per_episode,average_model_time_per_step,average_reward_per_episode,min_reward,max_reward
model1,2000,9.011824750900269,3246.1,0.002776200594836964,-9.0,-15.0,-2.0
model2,2000,2.896971082687378,999.3,0.0028990003829554465,-21.0,-21.0,-21.0
model3,2000,8.498974108695984,2483.1,0.003422727279890453,-14.3,-19.0,-8.0
model4,2000,8.818631172180176,2806.1,0.003142664613584753,-12.7,-16.0,-8.0
model5,2000,3.8152199268341063,998.9,0.003819421290253385,-21.0,-21.0,-21.0
model6,2000,4.053174114227295,1003.9,0.004037428144463886,-21.0,-21.0,-21.0
