model,average_steps_per_episode,average_time_per_step_ms,average_reward_per_episode,min_reward,max_reward
1,1003.95,0.573621966317143,-21.0,-21.0,-21.0
3,1005.0,1.6373046218574685,-21.0,-21.0,-21.0
4,1088.45,1.2589180832237123,-20.4,-21.0,-19.0
